id,clause_id,section,predicate,roles,source_method,priority_score,review_status,clause,annotator_notes
c0001-p001,1,,"{""text"": ""made"", ""lemma"": ""make"", ""start"": 18, ""end"": 22, ""needs_fix"": false}","[{""label"": ""Theme"", ""text"": ""This Agreement"", ""start"": 0, ""end"": 14, ""needs_fix"": false}, {""label"": ""Time"", ""text"": ""June 21, 1999"", ""start"": 29, ""end"": 42, ""needs_fix"": false}, {""label"": ""ContractParties"", ""text"": ""I-ESCROW, INC."", ""start"": 81, ""end"": 95, ""needs_fix"": false}, {""label"": ""ContractParties"", ""text"": ""2THEMART.COM, INC."", ""start"": 218, ""end"": 236, ""needs_fix"": false}]",transformer_srl+legal_rules,10,needs_review,"This Agreement is made as of June 21, 1999 (the ""Effective Date"") by and between I-ESCROW, INC., with its principal place of business at 1730 S. Amphlett Blvd., Suite 233, San Mateo, California 94402 (""i-Escrow""), and 2THEMART.COM, INC. having its principal place of business at 18301 Von Karman Avenue, 7th Floor, Irvine, California 92612 (""2TheMart"").",
c0002-p001,2,1 DEFINITIONS,"{""text"": ""means"", ""lemma"": ""means"", ""start"": 14, ""end"": 19, ""needs_fix"": false}","[{""label"": ""DefinedTerm"", ""text"": ""CONTENT"", ""start"": 5, ""end"": 12, ""needs_fix"": false}, {""label"": ""Definition"", ""text"": ""all content or information, in any medium, provided by a party to the other party for use in conjunction with the performance of its obligations hereunder, including without limitation any text, music, sound, photographs, video, graphics, data or software."", ""start"": 20, ""end"": 276, ""needs_fix"": false}]",legal_definition_rule,1,needs_review,"(a) ""CONTENT"" means all content or information, in any medium, provided by a party to the other party for use in conjunction with the performance of its obligations hereunder, including without limitation any text, music, sound, photographs, video, graphics, data or software.",
c0003-p001,3,1 DEFINITIONS,"{""text"": ""referred"", ""lemma"": ""refer"", ""start"": 32, ""end"": 40, ""needs_fix"": false}","[{""label"": ""Agent"", ""text"": ""2TheMart"", ""start"": 20, ""end"": 28, ""needs_fix"": false}, {""label"": ""Theme"", ""text"": ""Content"", ""start"": 0, ""end"": 7, ""needs_fix"": false}]",transformer_srl+legal_rules,2,needs_review,"Content provided by 2TheMart is referred to herein as ""2TheMart Content"" and Content provided by i-Escrow is referred to herein as ""i-Escrow Content.""",
c0004-p001,4,1 DEFINITIONS,"{""text"": ""means"", ""lemma"": ""means"", ""start"": 22, ""end"": 27, ""needs_fix"": false}","[{""label"": ""DefinedTerm"", ""text"": ""CO-BRANDED SITE"", ""start"": 5, ""end"": 20, ""needs_fix"": false}, {""label"": ""Definition"", ""text"": ""the web-site accessible through Domain Name, for the Services implemented by i-Escrow."", ""start"": 28, ""end"": 114, ""needs_fix"": false}]",legal_definition_rule,1,needs_review,"(b) ""CO-BRANDED SITE"" means the web-site accessible through Domain Name, for the Services implemented by i-Escrow.",
c0005-p001,5,1 DEFINITIONS,"{""text"": ""display"", ""lemma"": ""display"", ""start"": 43, ""end"": 50, ""needs_fix"": false}","[{""label"": ""Agent"", ""text"": ""The homepage"", ""start"": 0, ""end"": 12, ""needs_fix"": false}, {""label"": ""Theme"", ""text"": ""both 2TheMart Marks and i-Escrow Marks"", ""start"": 51, ""end"": 89, ""needs_fix"": false}]",transformer_srl+legal_rules,2,needs_review,The homepage of this web-site will visibly display both 2TheMart Marks and i-Escrow Marks.,
c0006-p001,6,1 DEFINITIONS,"{""text"": ""means"", ""lemma"": ""means"", ""start"": 16, ""end"": 21, ""needs_fix"": false}","[{""label"": ""DefinedTerm"", ""text"": ""CUSTOMERS"", ""start"": 5, ""end"": 14, ""needs_fix"": false}, {""label"": ""Definition"", ""text"": ""all users who access Co-Branded Site."", ""start"": 22, ""end"": 59, ""needs_fix"": false}]",legal_definition_rule,1,needs_review,"(c) ""CUSTOMERS"" means all users who access Co-Branded Site.",
c0007-p001,7,1 DEFINITIONS,"{""text"": ""means"", ""lemma"": ""means"", ""start"": 18, ""end"": 23, ""needs_fix"": false}","[{""label"": ""DefinedTerm"", ""text"": ""DOMAIN NAME"", ""start"": 5, ""end"": 16, ""needs_fix"": false}, {""label"": ""Definition"", ""text"": ""www.iescrow.com/2TheMart."", ""start"": 24, ""end"": 49, ""needs_fix"": false}]",legal_definition_rule,1,needs_review,"(d) ""DOMAIN NAME"" means www.iescrow.com/2TheMart.",
c0008-p001,8,1 DEFINITIONS,"{""text"": ""means"", ""lemma"": ""means"", ""start"": 22, ""end"": 27, ""needs_fix"": false}","[{""label"": ""DefinedTerm"", ""text"": ""ESCROW SERVICES"", ""start"": 5, ""end"": 20, ""needs_fix"": false}, {""label"": ""Definition"", ""text"": ""services for auction sellers and high bidders whereby an agent holds a buyer's money in trust until the buyer approves the applicable item that was physically delivered, at which time the agent releases the buyer's money to seller, after subtracting the escrow fees."", ""start"": 28, ""end"": 294, ""needs_fix"": false}]",legal_definition_rule,1,needs_review,"(e) ""ESCROW SERVICES"" means services for auction sellers and high bidders whereby an agent holds a buyer's money in trust until the buyer approves the applicable item that was physically delivered, at which time the agent releases the buyer's money to seller, after subtracting the escrow fees.",
c0009-p001,9,1 DEFINITIONS,"{""text"": ""means"", ""lemma"": ""means"", ""start"": 37, ""end"": 42, ""needs_fix"": false}","[{""label"": ""DefinedTerm"", ""text"": ""INFORMATION TRANSFER MECHANISM"", ""start"": 5, ""end"": 35, ""needs_fix"": false}, {""label"": ""Definition"", ""text"": ""the mechanism by which 2TheMart transfers to i-Escrow information to populate the applicable i-Escrow transaction and user registration forms."", ""start"": 43, ""end"": 185, ""needs_fix"": false}]",legal_definition_rule,1,needs_review,"(f) ""INFORMATION TRANSFER MECHANISM"" means the mechanism by which 2TheMart transfers to i-Escrow information to populate the applicable i-Escrow transaction and user registration forms.",
c0010-p001,10,1 DEFINITIONS,"{""text"": ""means"", ""lemma"": ""means"", ""start"": 18, ""end"": 23, ""needs_fix"": false}","[{""label"": ""DefinedTerm"", ""text"": ""LAUNCH DATE"", ""start"": 5, ""end"": 16, ""needs_fix"": false}, {""label"": ""Definition"", ""text"": ""the first date on which the Co-Branded Site is pointed to in all references to i-Escrow from 2TheMart auction site."", ""start"": 24, ""end"": 139, ""needs_fix"": false}]",legal_definition_rule,1,needs_review,"(g) ""LAUNCH DATE"" means the first date on which the Co-Branded Site is pointed to in all references to i-Escrow from 2TheMart auction site.",
c0011-p001,11,1 DEFINITIONS,"{""text"": ""means"", ""lemma"": ""means"", ""start"": 12, ""end"": 17, ""needs_fix"": false}","[{""label"": ""DefinedTerm"", ""text"": ""MARKS"", ""start"": 5, ""end"": 10, ""needs_fix"": false}, {""label"": ""Definition"", ""text"": ""all domain names, trademarks and logos designated by a party for the other party's use in conjunction with such other party's performance under this Agreement."", ""start"": 18, ""end"": 177, ""needs_fix"": false}]",legal_definition_rule,1,needs_review,"(h) ""MARKS"" means all domain names, trademarks and logos designated by a party for the other party's use in conjunction with such other party's performance under this Agreement.",
c0012-p001,12,1 DEFINITIONS,"{""text"": ""means"", ""lemma"": ""means"", ""start"": 15, ""end"": 20, ""needs_fix"": false}","[{""label"": ""DefinedTerm"", ""text"": ""SERVICES"", ""start"": 5, ""end"": 13, ""needs_fix"": false}, {""label"": ""Definition"", ""text"": ""i-Escrow's implementation and performance of the Escrow Services as of the Effective Date, as modified over time."", ""start"": 21, ""end"": 134, ""needs_fix"": false}]",legal_definition_rule,1,needs_review,"(i) ""SERVICES"" means i-Escrow's implementation and performance of the Escrow Services as of the Effective Date, as modified over time.",
c0013-p001,13,1 DEFINITIONS,"{""text"": ""means"", ""lemma"": ""means"", ""start"": 18, ""end"": 23, ""needs_fix"": false}","[{""label"": ""DefinedTerm"", ""text"": ""SHADOW SITE"", ""start"": 5, ""end"": 16, ""needs_fix"": false}, {""label"": ""Definition"", ""text"": ""the site where Co-Branded Site is made available for 2TheMart's testing of the Information Transfer Mechanism prior to being made publicly available."", ""start"": 24, ""end"": 173, ""needs_fix"": false}]",legal_definition_rule,1,needs_review,"(j) ""SHADOW SITE"" means the site where Co-Branded Site is made available for 2TheMart's testing of the Information Transfer Mechanism prior to being made publicly available.",
c0014-p001,14,1 DEFINITIONS,"{""text"": ""means"", ""lemma"": ""means"", ""start"": 18, ""end"": 23, ""needs_fix"": false}","[{""label"": ""DefinedTerm"", ""text"": ""TRANSACTION"", ""start"": 5, ""end"": 16, ""needs_fix"": false}, {""label"": ""Definition"", ""text"": ""a transaction utilizing the Services that actually closes and that was initiated by a Transaction Inquiry from a Customer."", ""start"": 24, ""end"": 146, ""needs_fix"": false}]",legal_definition_rule,1,needs_review,"(k) ""TRANSACTION"" means a transaction utilizing the Services that actually closes and that was initiated by a Transaction Inquiry from a Customer.",
c0015-p001,15,1 DEFINITIONS,"{""text"": ""means"", ""lemma"": ""means"", ""start"": 26, ""end"": 31, ""needs_fix"": false}","[{""label"": ""DefinedTerm"", ""text"": ""TRANSACTION INQUIRY"", ""start"": 5, ""end"": 24, ""needs_fix"": false}, {""label"": ""Definition"", ""text"": ""a Customer's submission of i-Escrow's standard New Transaction Inquiry form (or its successor) on or through the Co-Branded Pages."", ""start"": 32, ""end"": 162, ""needs_fix"": false}]",legal_definition_rule,1,needs_review,"(l) ""TRANSACTION INQUIRY"" means a Customer's submission of i-Escrow's standard New Transaction Inquiry form (or its successor) on or through the Co-Branded Pages.",
c0016-p001,16,1 DEFINITIONS,"{""text"": ""means"", ""lemma"": ""mean"", ""start"": 15, ""end"": 20, ""needs_fix"": false}",[],transformer_srl+legal_rules,2,needs_review,"Currently this means entry of a description and price of merchandise by a user (buyer or seller) who agrees to abide by the terms and conditions of the Services, together with email address of the other party, regardless of whether or not any Transaction is completed.",
c0017-p001,17,2.1 OVERVIEW,"{""text"": ""promote"", ""lemma"": ""promote"", ""start"": 35, ""end"": 42, ""needs_fix"": false}","[{""label"": ""Agent"", ""text"": ""2TheMart"", ""start"": 21, ""end"": 29, ""needs_fix"": false}, {""label"": ""Theme"", ""text"": ""Services"", ""start"": 43, ""end"": 51, ""needs_fix"": false}, {""label"": ""Recipient"", ""text"": ""its auction users (buyers and sellers"", ""start"": 55, ""end"": 92, ""needs_fix"": false}]",transformer_srl+legal_rules,2,needs_review,"As set forth herein, 2TheMart will promote Services to its auction users (buyers and sellers).",
c0018-p001,18,2.1 OVERVIEW,"{""text"": ""develop"", ""lemma"": ""develop"", ""start"": 15, ""end"": 22, ""needs_fix"": false}","[{""label"": ""Agent"", ""text"": ""i-Escrow"", ""start"": 0, ""end"": 8, ""needs_fix"": false}, {""label"": ""Theme"", ""text"": ""Co-Branded Site"", ""start"": 23, ""end"": 38, ""needs_fix"": false}]",transformer_srl+legal_rules,7,needs_review,i-Escrow shall develop Co-Branded Site.,
c0019-p001,19,2.1 OVERVIEW,"{""text"": ""develop"", ""lemma"": ""develop"", ""start"": 15, ""end"": 22, ""needs_fix"": false}","[{""label"": ""Agent"", ""text"": ""i-Escrow"", ""start"": 0, ""end"": 8, ""needs_fix"": false}, {""label"": ""Theme"", ""text"": ""the Information Transfer Mechanism working with 2TheMart to make Services available seamlessly to Customers"", ""start"": 23, ""end"": 130, ""needs_fix"": false}]",transformer_srl+legal_rules,7,needs_review,i-Escrow shall develop the Information Transfer Mechanism working with 2TheMart to make Services available seamlessly to Customers.,
c0020-p001,20,2.1 OVERVIEW,"{""text"": ""be"", ""lemma"": ""be"", ""start"": 45, ""end"": 47, ""needs_fix"": false}","[{""label"": ""Agent"", ""text"": ""each party"", ""start"": 28, ""end"": 38, ""needs_fix"": false}, {""label"": ""Condition"", ""text"": ""Unless otherwise specified"", ""start"": 0, ""end"": 26, ""needs_fix"": false}]",transformer_srl+legal_rules,4,needs_review,"Unless otherwise specified, each party shall be responsible for all development, hosting and other costs associated with the pages resident on their servers and all emails to users they send.",
c0021-p001,21,2.2 INITIAL INFORMATION TRANSFER MECHANISM DEVELOPMENT,"{""text"": ""negotiate"", ""lemma"": ""negotiate"", ""start"": 18, ""end"": 27, ""needs_fix"": false}","[{""label"": ""Agent"", ""text"": ""The parties"", ""start"": 0, ""end"": 11, ""needs_fix"": false}]",transformer_srl+legal_rules,0,needs_review,"The parties shall negotiate in good faith to determine the initial operation of the Information Transfer Mechanism and to describe such operation and development fees, in a statement of work (""SOW"").",
c0022-p001,22,2.2 INITIAL INFORMATION TRANSFER MECHANISM DEVELOPMENT,"{""text"": ""make"", ""lemma"": ""make"", ""start"": 17, ""end"": 21, ""needs_fix"": false}","[{""label"": ""Agent"", ""text"": ""Each party"", ""start"": 0, ""end"": 10, ""needs_fix"": false}]",transformer_srl+legal_rules,5,needs_review,Each party shall make available sufficient and qualified engineers to negotiate the SOW.,
c0023-p001,23,2.2 INITIAL INFORMATION TRANSFER MECHANISM DEVELOPMENT,"{""text"": ""be"", ""lemma"": ""be"", ""start"": 13, ""end"": 15, ""needs_fix"": false}","[{""label"": ""Agent"", ""text"": ""No SOW"", ""start"": 0, ""end"": 6, ""needs_fix"": false}]",transformer_srl+legal_rules,0,needs_review,No SOW shall be binding on the parties unless mutually approved by both parties.,
c0024-p001,24,2.2 INITIAL INFORMATION TRANSFER MECHANISM DEVELOPMENT,"{""text"": ""terminate"", ""lemma"": ""terminate"", ""start"": 148, ""end"": 157, ""needs_fix"": false}","[{""label"": ""Agent"", ""text"": ""either party"", ""start"": 106, ""end"": 118, ""needs_fix"": false}, {""label"": ""Theme"", ""text"": ""this Agreement"", ""start"": 158, ""end"": 172, ""needs_fix"": false}, {""label"": ""Time"", ""text"": ""within 2 months"", ""start"": 60, ""end"": 75, ""needs_fix"": false}, {""label"": ""Condition"", ""text"": ""In the event that the parties are unable to agree to an SOW within 2 months following the Effective Date"", ""start"": 0, ""end"": 104, ""needs_fix"": false}]",transformer_srl+legal_rules,14,needs_review,"In the event that the parties are unable to agree to an SOW within 2 months following the Effective Date, either party may, in its sole discretion, terminate this Agreement by providing written notice.",
c0025-p001,25,2.2 INITIAL INFORMATION TRANSFER MECHANISM DEVELOPMENT,"{""text"": ""use"", ""lemma"": ""use"", ""start"": 33, ""end"": 36, ""needs_fix"": false}","[{""label"": ""Agent"", ""text"": ""the parties"", ""start"": 15, ""end"": 26, ""needs_fix"": false}, {""label"": ""Theme"", ""text"": ""commercially reasonable efforts to diligently implement their respective obligations under the SOW"", ""start"": 37, ""end"": 135, ""needs_fix"": false}]",transformer_srl+legal_rules,2,needs_review,"Once approved, the parties shall use commercially reasonable efforts to diligently implement their respective obligations under the SOW.",
c0026-p001,26,2.2 INITIAL INFORMATION TRANSFER MECHANISM DEVELOPMENT,"{""text"": ""notify"", ""lemma"": ""notify"", ""start"": 59, ""end"": 65, ""needs_fix"": false}","[{""label"": ""Agent"", ""text"": ""a party"", ""start"": 45, ""end"": 52, ""needs_fix"": false}, {""label"": ""Theme"", ""text"": ""the other party"", ""start"": 66, ""end"": 81, ""needs_fix"": false}, {""label"": ""Condition"", ""text"": ""Upon completion of its duties under the SOW"", ""start"": 0, ""end"": 43, ""needs_fix"": false}]",transformer_srl+legal_rules,6,needs_review,"Upon completion of its duties under the SOW, a party shall notify the other party and provide the other party with the opportunity to test and evaluate its work.",
c0027-p001,27,2.2 INITIAL INFORMATION TRANSFER MECHANISM DEVELOPMENT,"{""text"": ""make"", ""lemma"": ""make"", ""start"": 15, ""end"": 19, ""needs_fix"": false}","[{""label"": ""ContractParties"", ""text"": ""i-Escrow"", ""start"": 0, ""end"": 8, ""needs_fix"": false}]",transformer_srl+legal_rules,5,needs_review,i-Escrow shall make available the Shadow Site for such testing in a timely manner.,
c0028-p001,28,2.2 INITIAL INFORMATION TRANSFER MECHANISM DEVELOPMENT,"{""text"": ""cooperate"", ""lemma"": ""cooperate"", ""start"": 28, ""end"": 37, ""needs_fix"": false}","[{""label"": ""Agent"", ""text"": ""Each party"", ""start"": 0, ""end"": 10, ""needs_fix"": false}]",transformer_srl+legal_rules,0,needs_review,Each party shall reasonably cooperate with the other party in effectuating their respective duties under the SOW.,
c0029-p001,29,2.2 INITIAL INFORMATION TRANSFER MECHANISM DEVELOPMENT,"{""text"": ""go"", ""lemma"": ""go"", ""start"": 45, ""end"": 47, ""needs_fix"": false}","[{""label"": ""Agent"", ""text"": ""The Information Transfer Mechanism"", ""start"": 0, ""end"": 34, ""needs_fix"": false}]",transformer_srl+legal_rules,0,needs_review,"The Information Transfer Mechanism shall not go live until its operation has been approved (""Approval Date"") by both parties, such approval not to be unreasonably withheld.",
c0030-p001,30,2.3 LAUNCH TIMING,"{""text"": ""use"", ""lemma"": ""use"", ""start"": 17, ""end"": 20, ""needs_fix"": false}","[{""label"": ""Agent"", ""text"": ""Each party"", ""start"": 0, ""end"": 10, ""needs_fix"": false}, {""label"": ""Theme"", ""text"": ""good faith and reasonable efforts to expeditiously develop the Co-Branded Pages and the Information Transfer Mechanism"", ""start"": 21, ""end"": 139, ""needs_fix"": false}]",transformer_srl+legal_rules,2,needs_review,Each party shall use good faith and reasonable efforts to expeditiously develop the Co-Branded Pages and the Information Transfer Mechanism.,
c0031-p001,31,2.3 LAUNCH TIMING,"{""text"": ""terminate"", ""lemma"": ""terminate"", ""start"": 141, ""end"": 150, ""needs_fix"": false}","[{""label"": ""Agent"", ""text"": ""either party"", ""start"": 124, ""end"": 136, ""needs_fix"": false}, {""label"": ""Theme"", ""text"": ""this Agreement"", ""start"": 151, ""end"": 165, ""needs_fix"": false}, {""label"": ""Time"", ""text"": ""within 4 months"", ""start"": 78, ""end"": 93, ""needs_fix"": false}, {""label"": ""Condition"", ""text"": ""In the event that, after using such efforts"", ""start"": 0, ""end"": 43, ""needs_fix"": false}]",transformer_srl+legal_rules,14,needs_review,"In the event that, after using such efforts, the Launch Date has not occurred within 4 months following the Effective Date, either party may terminate this Agreement by providing written notice.",
c0032-p001,32,2.3 LAUNCH TIMING,"{""text"": ""exercise"", ""lemma"": ""exercise"", ""start"": 94, ""end"": 102, ""needs_fix"": false}","[{""label"": ""Agent"", ""text"": ""only that party"", ""start"": 74, ""end"": 89, ""needs_fix"": false}, {""label"": ""Theme"", ""text"": ""the foregoing right to terminate"", ""start"": 103, ""end"": 135, ""needs_fix"": false}, {""label"": ""Condition"", ""text"": ""If only one party has used good faith and reasonable development efforts"", ""start"": 0, ""end"": 72, ""needs_fix"": false}]",transformer_srl+legal_rules,6,needs_review,"If only one party has used good faith and reasonable development efforts, only that party may exercise the foregoing right to terminate.",
c0033-p001,33,2.4 RESTRICTIONS ON COMMUNICATIONS,"{""text"": ""place"", ""lemma"": ""place"", ""start"": 13, ""end"": 18, ""needs_fix"": false}","[{""label"": ""Agent"", ""text"": ""i-Escrow"", ""start"": 0, ""end"": 8, ""needs_fix"": false}, {""label"": ""Theme"", ""text"": ""banner advertising"", ""start"": 19, ""end"": 37, ""needs_fix"": false}, {""label"": ""Time"", ""text"": ""the Co-Branded Site"", ""start"": 41, ""end"": 60, ""needs_fix"": false}]",transformer_srl+legal_rules,5,needs_review,"i-Escrow may place banner advertising on the Co-Branded Site upon prior written approval of 2TheMart, which shall be at the discretion of 2TheMart.",
c0034-p001,34,2.4 RESTRICTIONS ON COMMUNICATIONS,"{""text"": ""be"", ""lemma"": ""be"", ""start"": 58, ""end"": 60, ""needs_fix"": false}","[{""label"": ""Agent"", ""text"": ""All advertising revenue"", ""start"": 0, ""end"": 23, ""needs_fix"": false}, {""label"": ""Theme"", ""text"": ""solely i-Escrow's"", ""start"": 61, ""end"": 78, ""needs_fix"": false}]",transformer_srl+legal_rules,2,needs_review,All advertising revenue arising from the banner ads shall be solely i-Escrow's.,
c0035-p001,35,2.4 RESTRICTIONS ON COMMUNICATIONS,"{""text"": ""run"", ""lemma"": ""run"", ""start"": 19, ""end"": 22, ""needs_fix"": false}","[{""label"": ""Agent"", ""text"": ""i-Escrow"", ""start"": 0, ""end"": 8, ""needs_fix"": false}, {""label"": ""Theme"", ""text"": ""banner advertisements"", ""start"": 23, ""end"": 44, ""needs_fix"": false}, {""label"": ""Recipient"", ""text"": ""any of 2TheMart's competitors"", ""start"": 72, ""end"": 101, ""needs_fix"": false}, {""label"": ""Time"", ""text"": ""the Co-Branded Site"", ""start"": 48, ""end"": 67, ""needs_fix"": false}]",transformer_srl+legal_rules,5,needs_review,i-Escrow shall not run banner advertisements on the Co-Branded Site for any of 2TheMart's competitors.,
c0036-p001,36,2.4 RESTRICTIONS ON COMMUNICATIONS,"{""text"": ""provide"", ""lemma"": ""provide"", ""start"": 15, ""end"": 22, ""needs_fix"": false}","[{""label"": ""Agent"", ""text"": ""2TheMart"", ""start"": 0, ""end"": 8, ""needs_fix"": false}, {""label"": ""Theme"", ""text"": ""a list of companies they would like to exclude, including every time they wish to change this list"", ""start"": 35, ""end"": 133, ""needs_fix"": false}]",transformer_srl+legal_rules,7,needs_review,"2TheMart shall provide in writing, a list of companies they would like to exclude, including every time they wish to change this list.",
c0037-p001,37,2.5 SERVICE PERFORMANCE OF INFORMATION TRANSFER MECHANISM,"{""text"": ""parties"", ""lemma"": ""party"", ""start"": 4, ""end"": 11, ""needs_fix"": false}",[],transformer_srl+legal_rules,0,needs_review,The parties each shall in good faith work to provide reasonable service levels with respect to the operation of the portions of the Information Transfer Mechanism in their control.,
c0038-p001,38,2.6 PROGRAM REVIEW MEETINGS,"{""text"": ""meet"", ""lemma"": ""meet"", ""start"": 18, ""end"": 22, ""needs_fix"": false}","[{""label"": ""Agent"", ""text"": ""The parties"", ""start"": 0, ""end"": 11, ""needs_fix"": false}]",transformer_srl+legal_rules,0,needs_review,"The parties shall meet, at least once per month either in person, or by telephone, to coordinate the implementation of this agreement over time.",
c0039-p001,39,3 PROMOTION,"{""text"": ""promote"", ""lemma"": ""promote"", ""start"": 40, ""end"": 47, ""needs_fix"": false}","[{""label"": ""Agent"", ""text"": ""2TheMart"", ""start"": 19, ""end"": 27, ""needs_fix"": false}, {""label"": ""Theme"", ""text"": ""the Services"", ""start"": 48, ""end"": 60, ""needs_fix"": false}, {""label"": ""Time"", ""text"": ""Launch Date"", ""start"": 6, ""end"": 17, ""needs_fix"": false}]",transformer_srl+legal_rules,5,needs_review,"After Launch Date, 2TheMart will widely promote the Services.",
c0040-p001,40,3 PROMOTION,"{""text"": ""including"", ""lemma"": ""include"", ""start"": 50, ""end"": 59, ""needs_fix"": false}","[{""label"": ""Agent"", ""text"": ""seller"", ""start"": 13, ""end"": 19, ""needs_fix"": false}]",transformer_srl+legal_rules,0,needs_review,(a) To every seller and high bidder through means including.,
c0041-p001,41,3 PROMOTION,"{""text"": ""be"", ""lemma"": ""be"", ""start"": 76, ""end"": 78, ""needs_fix"": false}","[{""label"": ""Agent"", ""text"": ""it"", ""start"": 7, ""end"": 9, ""needs_fix"": false}]",transformer_srl+legal_rules,0,needs_review,"not limited to, end of auction emails containing links, such that, it shall be possible for the buyer or seller to initiate a Transaction Inquiry with i-Escrow, without having to re-enter all their personal or transaction related information.",
c0042-p001,42,3 PROMOTION,"{""text"": ""use"", ""lemma"": ""use"", ""start"": 13, ""end"": 16, ""needs_fix"": false}","[{""label"": ""Agent"", ""text"": ""2TheMart"", ""start"": 0, ""end"": 8, ""needs_fix"": false}, {""label"": ""Theme"", ""text"": ""the \""Escrow Services Description\"" attached in Exhibit A for creating such a page"", ""start"": 17, ""end"": 97, ""needs_fix"": false}]",transformer_srl+legal_rules,2,needs_review,"2TheMart may use the ""Escrow Services Description"" attached in Exhibit A for creating such a page.",
c0043-p001,43,5.1 ADVERTISING FEES,"{""text"": ""pay"", ""lemma"": ""pay"", ""start"": 38, ""end"": 41, ""needs_fix"": false}","[{""label"": ""Agent"", ""text"": ""i-Escrow"", ""start"": 23, ""end"": 31, ""needs_fix"": false}, {""label"": ""Theme"", ""text"": ""2TheMart advertising fees"", ""start"": 42, ""end"": 67, ""needs_fix"": false}, {""label"": ""Time"", ""text"": ""the Launch Date"", ""start"": 6, ""end"": 21, ""needs_fix"": false}]",transformer_srl+legal_rules,10,needs_review,"After the Launch Date, i-Escrow shall pay 2TheMart advertising fees based on the number of Transaction Inquiries.",
c0044-p001,44,5.1 ADVERTISING FEES,"{""text"": ""consist"", ""lemma"": ""consist"", ""start"": 28, ""end"": 35, ""needs_fix"": false}","[{""label"": ""Agent"", ""text"": ""This advertising fees"", ""start"": 0, ""end"": 21, ""needs_fix"": false}]",transformer_srl+legal_rules,0,needs_review,This advertising fees shall consist of a per Transaction Inquiry amount calculated by multiplying 0.025% by the amount of the average Transaction from all Customers in the preceding quarter.,
c0045-p001,45,5.1 ADVERTISING FEES,"{""text"": ""revised"", ""lemma"": ""revise"", ""start"": 70, ""end"": 77, ""needs_fix"": false}","[{""label"": ""Theme"", ""text"": ""The formula"", ""start"": 0, ""end"": 11, ""needs_fix"": false}, {""label"": ""Recipient"", ""text"": ""time"", ""start"": 83, ""end"": 87, ""needs_fix"": false}, {""label"": ""Time"", ""text"": ""the term of this Agreement"", ""start"": 103, ""end"": 129, ""needs_fix"": false}]",transformer_srl+legal_rules,3,needs_review,"The formula for arriving at the per Transaction Inquiry amount may be revised from time to time during the term of this Agreement to reflect present market conditions (""the Adjusted Rate""), but only by mutual.",
c0046-p001,46,5.1 ADVERTISING FEES,"{""text"": ""added"", ""lemma"": ""add"", ""start"": 27, ""end"": 32, ""needs_fix"": false}","[{""label"": ""Theme"", ""text"": ""The Adjusted Rate"", ""start"": 0, ""end"": 17, ""needs_fix"": false}]",transformer_srl+legal_rules,0,needs_review,The Adjusted Rate shall be added as an addendum to this Agreement.,
c0047-p001,47,5.2 REPORTING,"{""text"": ""provide"", ""lemma"": ""provide"", ""start"": 80, ""end"": 87, ""needs_fix"": false}","[{""label"": ""Agent"", ""text"": ""i-Escrow"", ""start"": 65, ""end"": 73, ""needs_fix"": false}, {""label"": ""Theme"", ""text"": ""a report"", ""start"": 100, ""end"": 108, ""needs_fix"": false}, {""label"": ""Recipient"", ""text"": ""2TheMart"", ""start"": 91, ""end"": 99, ""needs_fix"": false}, {""label"": ""Time"", ""text"": ""two (2) weeks following the end of each calendar quarter"", ""start"": 7, ""end"": 63, ""needs_fix"": false}]",transformer_srl+legal_rules,10,needs_review,"Within two (2) weeks following the end of each calendar quarter, i-Escrow shall provide to 2TheMart a report, describing for each quarter: the number of new registrations through the Co-Branded Pages.",
c0048-p001,48,5.3 AUDIT RIGHTS,"{""text"": ""keep"", ""lemma"": ""keep"", ""start"": 15, ""end"": 19, ""needs_fix"": false}","[{""label"": ""Agent"", ""text"": ""i-Escrow"", ""start"": 0, ""end"": 8, ""needs_fix"": false}, {""label"": ""Theme"", ""text"": ""proper records and books of account"", ""start"": 37, ""end"": 72, ""needs_fix"": false}, {""label"": ""Time"", ""text"": ""for one (1) year"", ""start"": 20, ""end"": 36, ""needs_fix"": false}]",transformer_srl+legal_rules,10,needs_review,"i-Escrow shall keep for one (1) year proper records and books of account relating to the computation of advertising payments owed to 2TheMart (including, as appropriate, the computation of the size of average Transaction).",
c0049-p001,49,5.3 AUDIT RIGHTS,"{""text"": ""inspect"", ""lemma"": ""inspect"", ""start"": 58, ""end"": 65, ""needs_fix"": false}","[{""label"": ""Agent"", ""text"": ""every twelve (12) months"", ""start"": 5, ""end"": 29, ""needs_fix"": false}, {""label"": ""Time"", ""text"": ""Once every twelve (12) months"", ""start"": 0, ""end"": 29, ""needs_fix"": false}]",transformer_srl+legal_rules,3,needs_review,"Once every twelve (12) months, 2TheMart through a CPA may inspect and audit such records to verify reports.",
c0050-p001,50,5.3 AUDIT RIGHTS,"{""text"": ""notice"", ""lemma"": ""notice"", ""start"": 163, ""end"": 169, ""needs_fix"": false}","[{""label"": ""Agent"", ""text"": ""no less than fifteen (15) days"", ""start"": 132, ""end"": 162, ""needs_fix"": false}, {""label"": ""Time"", ""text"": ""no less than fifteen (15) days"", ""start"": 132, ""end"": 162, ""needs_fix"": false}]",transformer_srl+legal_rules,3,needs_review,Any such inspection will be conducted in a manner that does not unreasonably interfere with i-Escrow's business activities and with no less than fifteen (15) days notice.,
c0051-p001,51,5.3 AUDIT RIGHTS,"{""text"": ""make"", ""lemma"": ""make"", ""start"": 36, ""end"": 40, ""needs_fix"": false}","[{""label"": ""Time"", ""text"": ""two (2) weeks"", ""start"": 22, ""end"": 35, ""needs_fix"": false}, {""label"": ""ContractParties"", ""text"": ""i-Escrow"", ""start"": 0, ""end"": 8, ""needs_fix"": false}]",transformer_srl+legal_rules,8,needs_review,i-Escrow shall within two (2) weeks make any overdue payments disclosed by the audit.,
c0052-p001,52,5.3 AUDIT RIGHTS,"{""text"": ""be"", ""lemma"": ""be"", ""start"": 22, ""end"": 24, ""needs_fix"": false}","[{""label"": ""Agent"", ""text"": ""Such inspection"", ""start"": 0, ""end"": 15, ""needs_fix"": false}]",transformer_srl+legal_rules,0,needs_review,Such inspection shall be at 2TheMart's expense.,
c0053-p001,53,5.3 AUDIT RIGHTS,"{""text"": ""pay"", ""lemma"": ""pay"", ""start"": 38, ""end"": 41, ""needs_fix"": false}","[{""label"": ""Agent"", ""text"": ""i-Escrow"", ""start"": 108, ""end"": 116, ""needs_fix"": false}, {""label"": ""Theme"", ""text"": ""all cost of such audit"", ""start"": 139, ""end"": 161, ""needs_fix"": false}, {""label"": ""Condition"", ""text"": ""if the audit reveals overdue payments in excess of ten percent (10%) of the payments owed to date"", ""start"": 9, ""end"": 106, ""needs_fix"": false}]",transformer_srl+legal_rules,11,needs_review,"however, if the audit reveals overdue payments in excess of ten percent (10%) of the payments owed to date, i-Escrow shall immediately pay all cost of such audit.",
c0054-p001,54,6.1 CONTENT,"{""text"": ""grants"", ""lemma"": ""grant"", ""start"": 16, ""end"": 22, ""needs_fix"": false}","[{""label"": ""Agent"", ""text"": ""2TheMart"", ""start"": 0, ""end"": 8, ""needs_fix"": false}, {""label"": ""Recipient"", ""text"": ""the term of this Agreement"", ""start"": 295, ""end"": 321, ""needs_fix"": false}]",transformer_srl+legal_rules,0,needs_review,"2TheMart hereby grants to i-Escrow a worldwide, non-exclusive right to use, reproduce, distribute, publicly perform, publicly display and digitally perform the 2TheMart Content soley with respect to and in conjunction with the Co-Branded Site all with the prior written consent of 2TheMart, for the term of this Agreement.",
c0055-p001,55,6.1 CONTENT,"{""text"": ""use"", ""lemma"": ""use"", ""start"": 71, ""end"": 74, ""needs_fix"": false}","[{""label"": ""Agent"", ""text"": ""i-Escrow"", ""start"": 0, ""end"": 8, ""needs_fix"": false}]",transformer_srl+legal_rules,0,needs_review,"i-Escrow hereby grants to 2TheMart a worldwide, non-exclusive right to use, reproduce, distribute, publicly perform, publicly display and digitally perform the i-Escrow Content on or in conjunction with 2TheMart auctions.",
c0056-p001,56,6.2 CONTENT OWNERSHIP,"{""text"": ""reserved"", ""lemma"": ""reserve"", ""start"": 37, ""end"": 45, ""needs_fix"": false}","[{""label"": ""Theme"", ""text"": ""any rights"", ""start"": 0, ""end"": 10, ""needs_fix"": false}]",transformer_srl+legal_rules,0,needs_review,any rights not expressly granted are reserved.,
c0057-p001,57,6.2 CONTENT OWNERSHIP,"{""text"": ""exceed"", ""lemma"": ""exceed"", ""start"": 20, ""end"": 26, ""needs_fix"": false}","[{""label"": ""Agent"", ""text"": ""Neither party"", ""start"": 0, ""end"": 13, ""needs_fix"": false}, {""label"": ""Theme"", ""text"": ""the scope of the rights granted hereunder"", ""start"": 27, ""end"": 68, ""needs_fix"": false}]",transformer_srl+legal_rules,2,needs_review,Neither party shall exceed the scope of the rights granted hereunder.,
c0058-p001,58,6.4 TRADEMARK RESTRICTIONS,"{""text"": ""terminate"", ""lemma"": ""terminate"", ""start"": 19, ""end"": 28, ""needs_fix"": false}","[{""label"": ""Agent"", ""text"": ""The Mark owner"", ""start"": 0, ""end"": 14, ""needs_fix"": false}, {""label"": ""Theme"", ""text"": ""the foregoing rights"", ""start"": 29, ""end"": 49, ""needs_fix"": false}, {""label"": ""Time"", ""text"": ""within ten (10) days"", ""start"": 242, ""end"": 262, ""needs_fix"": false}, {""label"": ""Condition"", ""text"": ""if, in its reasonable discretion, the other party's use of the Marks tarnishes, blurs or dilutes the quality associated with the Marks or the associated goodwill and such problem is not cured within ten (10) days of notice of breach"", ""start"": 50, ""end"": 282, ""needs_fix"": false}]",transformer_srl+legal_rules,14,needs_review,"The Mark owner may terminate the foregoing rights if, in its reasonable discretion, the other party's use of the Marks tarnishes, blurs or dilutes the quality associated with the Marks or the associated goodwill and such problem is not cured within ten (10) days of notice of breach.",
c0059-p001,59,6.4 TRADEMARK RESTRICTIONS,"{""text"": ""specify"", ""lemma"": ""specify"", ""start"": 10, ""end"": 17, ""needs_fix"": false}","[{""label"": ""Agent"", ""text"": ""owner"", ""start"": 0, ""end"": 5, ""needs_fix"": false}]",transformer_srl+legal_rules,0,needs_review,owner may specify that certain pages of the other party's web-site may not contain the Marks.,
c0060-p001,60,6.4 TRADEMARK RESTRICTIONS,"{""text"": ""remain"", ""lemma"": ""remain"", ""start"": 50, ""end"": 56, ""needs_fix"": false}","[{""label"": ""Agent"", ""text"": ""Title"", ""start"": 0, ""end"": 5, ""needs_fix"": false}]",transformer_srl+legal_rules,0,needs_review,Title to and ownership of the owner's Marks shall remain with the owner.,
c0061-p001,61,6.4 TRADEMARK RESTRICTIONS,"{""text"": ""use"", ""lemma"": ""use"", ""start"": 26, ""end"": 29, ""needs_fix"": false}","[{""label"": ""Agent"", ""text"": ""The receiving party"", ""start"": 0, ""end"": 19, ""needs_fix"": false}, {""label"": ""Theme"", ""text"": ""the Marks"", ""start"": 30, ""end"": 39, ""needs_fix"": false}]",transformer_srl+legal_rules,2,needs_review,The receiving party shall use the Marks exactly in the form provided and in conformance with any trademark usage policies.,
c0062-p001,62,6.4 TRADEMARK RESTRICTIONS,"{""text"": ""take"", ""lemma"": ""take"", ""start"": 26, ""end"": 30, ""needs_fix"": false}","[{""label"": ""Agent"", ""text"": ""The other party"", ""start"": 0, ""end"": 15, ""needs_fix"": false}, {""label"": ""Theme"", ""text"": ""any action inconsistent with the owner's ownership of the Marks"", ""start"": 31, ""end"": 94, ""needs_fix"": false}]",transformer_srl+legal_rules,2,needs_review,The other party shall not take any action inconsistent with the owner's ownership of the Marks.,
c0063-p001,63,6.4 TRADEMARK RESTRICTIONS,"{""text"": ""vest"", ""lemma"": ""vest"", ""start"": 65, ""end"": 69, ""needs_fix"": false}","[{""label"": ""Agent"", ""text"": ""any benefits"", ""start"": 0, ""end"": 12, ""needs_fix"": false}]",transformer_srl+legal_rules,0,needs_review,any benefits accruing from use of such Marks shall automatically vest in the owner.,
c0064-p001,64,6.4 TRADEMARK RESTRICTIONS,"{""text"": ""form"", ""lemma"": ""form"", ""start"": 26, ""end"": 30, ""needs_fix"": false}","[{""label"": ""Agent"", ""text"": ""The other party"", ""start"": 0, ""end"": 15, ""needs_fix"": false}, {""label"": ""Theme"", ""text"": ""any combination marks with the other party's Marks"", ""start"": 31, ""end"": 81, ""needs_fix"": false}]",transformer_srl+legal_rules,2,needs_review,The other party shall not form any combination marks with the other party's Marks.,
c0065-p001,65,6.4 TRADEMARK RESTRICTIONS,"{""text"": ""use"", ""lemma"": ""use"", ""start"": 116, ""end"": 119, ""needs_fix"": false}","[{""label"": ""Agent"", ""text"": ""neither party"", ""start"": 96, ""end"": 109, ""needs_fix"": false}, {""label"": ""Theme"", ""text"": ""the Domain Name"", ""start"": 50, ""end"": 65, ""needs_fix"": false}, {""label"": ""Recipient"", ""text"": ""the extent that the Domain Name is deemed a combination mark"", ""start"": 34, ""end"": 94, ""needs_fix"": false}, {""label"": ""Condition"", ""text"": ""Notwithstanding the foregoing"", ""start"": 0, ""end"": 29, ""needs_fix"": false}]",transformer_srl+legal_rules,6,needs_review,"Notwithstanding the foregoing, to the extent that the Domain Name is deemed a combination mark, neither party shall use the Domain Name for any purpose except as expressly provided herein or attempt to register the Domain Name.",
c0066-p001,66,6.4 TRADEMARK RESTRICTIONS,"{""text"": ""cooperate"", ""lemma"": ""cooperate"", ""start"": 25, ""end"": 34, ""needs_fix"": false}","[{""label"": ""Agent"", ""text"": ""the parties"", ""start"": 0, ""end"": 11, ""needs_fix"": false}, {""label"": ""Time"", ""text"": ""any enforcement action of infringement of the Domain Name"", ""start"": 38, ""end"": 95, ""needs_fix"": false}]",transformer_srl+legal_rules,3,needs_review,the parties will jointly cooperate on any enforcement action of infringement of the Domain Name.,
c0067-p001,67,6.5 LIMITS ON SUBLICENSING,"{""text"": ""are"", ""lemma"": ""be"", ""start"": 77, ""end"": 80, ""needs_fix"": false}","[{""label"": ""Agent"", ""text"": ""herein"", ""start"": 70, ""end"": 76, ""needs_fix"": false}]",transformer_srl+legal_rules,0,needs_review,All rights (under any applicable intellectual property right) granted herein are not sublicenseable.,
c0068-p001,68,6.5 LIMITS ON SUBLICENSING,"{""text"": ""use"", ""lemma"": ""use"", ""start"": 48, ""end"": 51, ""needs_fix"": false}","[{""label"": ""Agent"", ""text"": ""either party"", ""start"": 31, ""end"": 43, ""needs_fix"": false}, {""label"": ""Theme"", ""text"": ""a third party web host"", ""start"": 52, ""end"": 74, ""needs_fix"": false}, {""label"": ""Condition"", ""text"": ""Notwithstanding the foregoing"", ""start"": 0, ""end"": 29, ""needs_fix"": false}]",transformer_srl+legal_rules,6,needs_review,"Notwithstanding the foregoing, either party may use a third party web host.",
c0069-p001,69,6.5 LIMITS ON SUBLICENSING,"{""text"": ""deemed"", ""lemma"": ""deem"", ""start"": 165, ""end"": 171, ""needs_fix"": false}","[{""label"": ""Theme"", ""text"": ""a breach of this Agreement"", ""start"": 61, ""end"": 87, ""needs_fix"": false}]",transformer_srl+legal_rules,0,needs_review,"all actions or failures to act of the web host that would be a breach of this Agreement, were the actions or failures to act taken by the applicable party, shall be deemed a breach of this Agreement.",
c0070-p001,70,6.5 LIMITS ON SUBLICENSING,"{""text"": ""grant"", ""lemma"": ""grant"", ""start"": 26, ""end"": 31, ""needs_fix"": false}","[{""label"": ""Agent"", ""text"": ""2TheMart"", ""start"": 13, ""end"": 21, ""needs_fix"": false}, {""label"": ""Theme"", ""text"": ""sublicenses to companies that 2TheMart has a business relationship with to the extent that 2TheMart Content is visible from such company's web-site through a link or other means"", ""start"": 32, ""end"": 209, ""needs_fix"": false}]",transformer_srl+legal_rules,2,needs_review,"In addition, 2TheMart may grant sublicenses to companies that 2TheMart has a business relationship with to the extent that 2TheMart Content is visible from such company's web-site through a link or other means.",
c0071-p001,71,6.6 CONTENT STANDARDS,"{""text"": ""provide"", ""lemma"": ""provide"", ""start"": 19, ""end"": 26, ""needs_fix"": false}","[{""label"": ""Agent"", ""text"": ""2TheMart"", ""start"": 0, ""end"": 8, ""needs_fix"": false}, {""label"": ""Theme"", ""text"": ""any 2TheMart Content"", ""start"": 27, ""end"": 47, ""needs_fix"": false}]",transformer_srl+legal_rules,7,needs_review,2TheMart shall not provide any 2TheMart Content.,
c0072-p001,72,6.6 CONTENT STANDARDS,"{""text"": ""provide"", ""lemma"": ""provide"", ""start"": 19, ""end"": 26, ""needs_fix"": false}","[{""label"": ""Agent"", ""text"": ""i-Escrow"", ""start"": 0, ""end"": 8, ""needs_fix"": false}, {""label"": ""Theme"", ""text"": ""any i-Escrow Content"", ""start"": 27, ""end"": 47, ""needs_fix"": false}]",transformer_srl+legal_rules,7,needs_review,"i-Escrow shall not provide any i-Escrow Content, that: (a) infringes any third party's copyright, patent, trademark, trade secret or other proprietary rights or rights of publicity or privacy.",
c0073-p001,73,6.7 SERVICE STANDARDS,"{""text"": ""comply"", ""lemma"": ""comply"", ""start"": 14, ""end"": 20, ""needs_fix"": false}","[{""label"": ""Agent"", ""text"": ""i-Escrow"", ""start"": 0, ""end"": 8, ""needs_fix"": false}, {""label"": ""LegalBasis"", ""text"": ""California Escrow Law"", ""start"": 115, ""end"": 136, ""needs_fix"": false}]",transformer_srl+legal_rules,8,needs_review,"i-Escrow will comply with all laws and regulations and act as an Independent Escrow Agent as per the guidelines of California Escrow Law (California Financial Code Section17000 et seq., or its successor).",
c0074-p001,74,6.7 SERVICE STANDARDS,"{""text"": ""prevail"", ""lemma"": ""prevail"", ""start"": 211, ""end"": 218, ""needs_fix"": false}","[{""label"": ""Agent"", ""text"": ""the California Escrow Law"", ""start"": 82, ""end"": 107, ""needs_fix"": false}, {""label"": ""Condition"", ""text"": ""Should any of the terms, conditions or provisions of this Agreement conflict with the California Escrow Law, its rules or regulations, which govern i-Escrow's business practices"", ""start"": 0, ""end"": 177, ""needs_fix"": false}, {""label"": ""LegalBasis"", ""text"": ""California Escrow Law"", ""start"": 86, ""end"": 107, ""needs_fix"": false}]",transformer_srl+legal_rules,7,needs_review,"Should any of the terms, conditions or provisions of this Agreement conflict with the California Escrow Law, its rules or regulations, which govern i-Escrow's business practices, the California Escrow Law shall prevail.",
c0075-p001,75,6.7 SERVICE STANDARDS,"{""text"": ""give"", ""lemma"": ""give"", ""start"": 115, ""end"": 119, ""needs_fix"": false}","[{""label"": ""Agent"", ""text"": ""i-Escrow"", ""start"": 48, ""end"": 56, ""needs_fix"": false}, {""label"": ""Theme"", ""text"": ""2TheMart written notice of such conflict"", ""start"": 120, ""end"": 160, ""needs_fix"": false}, {""label"": ""Condition"", ""text"": ""Notwithstanding the foregoing"", ""start"": 0, ""end"": 29, ""needs_fix"": false}]",transformer_srl+legal_rules,6,needs_review,"Notwithstanding the foregoing, at any time that i-Escrow reasonably believes such a conflict exists, i-Escrow will give 2TheMart written notice of such conflict and the parties will use their best efforts to resolve such conflict.",
c0076-p001,76,7 DISCLAIMER OF WARRANTIES,"{""text"": ""acknowledges"", ""lemma"": ""acknowledge"", ""start"": 11, ""end"": 23, ""needs_fix"": false}","[{""label"": ""Agent"", ""text"": ""Each party"", ""start"": 0, ""end"": 10, ""needs_fix"": false}]",transformer_srl+legal_rules,0,needs_review,Each party acknowledges that it has not entered into this Agreement in reliance upon any warranty or representation except those specifically set forth herein.,
c0077-p001,77,8.1 TERM,"{""text"": ""continue"", ""lemma"": ""continue"", ""start"": 33, ""end"": 41, ""needs_fix"": false}","[{""label"": ""Agent"", ""text"": ""The term"", ""start"": 0, ""end"": 8, ""needs_fix"": false}, {""label"": ""Recipient"", ""text"": ""one (1) year"", ""start"": 46, ""end"": 58, ""needs_fix"": false}, {""label"": ""Time"", ""text"": ""for one (1) year"", ""start"": 42, ""end"": 58, ""needs_fix"": false}, {""label"": ""Condition"", ""text"": ""unless earlier terminated as provided herein"", ""start"": 86, ""end"": 130, ""needs_fix"": false}]",transformer_srl+legal_rules,7,needs_review,"The term of this Agreement shall continue for one (1) year following the Launch Date, unless earlier terminated as provided herein.",
c0078-p001,78,8.1 TERM,"{""text"": ""renewed"", ""lemma"": ""renew"", ""start"": 22, ""end"": 29, ""needs_fix"": false}","[{""label"": ""Theme"", ""text"": ""This Agreement"", ""start"": 0, ""end"": 14, ""needs_fix"": false}, {""label"": ""Recipient"", ""text"": ""any number of successive one (1) year terms by mutual written agreement of the parties"", ""start"": 34, ""end"": 120, ""needs_fix"": false}, {""label"": ""Time"", ""text"": ""one (1) year"", ""start"": 59, ""end"": 71, ""needs_fix"": false}]",transformer_srl+legal_rules,3,needs_review,This Agreement may be renewed for any number of successive one (1) year terms by mutual written agreement of the parties prior to the conclusion of the term of this Agreement.,
c0079-p001,79,8.1 TERM,"{""text"": ""give"", ""lemma"": ""give"", ""start"": 46, ""end"": 50, ""needs_fix"": false}","[{""label"": ""Agent"", ""text"": ""A party"", ""start"": 0, ""end"": 7, ""needs_fix"": false}, {""label"": ""Theme"", ""text"": ""the other party notice"", ""start"": 51, ""end"": 73, ""needs_fix"": false}, {""label"": ""Time"", ""text"": ""the expiration of the term"", ""start"": 119, ""end"": 145, ""needs_fix"": false}]",transformer_srl+legal_rules,5,needs_review,A party wishing to renew this Agreement shall give the other party notice thereof no less than thirty (30) days before the expiration of the term then in effect.,
c0080-p001,80,8.1 TERM,"{""text"": ""renewed"", ""lemma"": ""renew"", ""start"": 108, ""end"": 115, ""needs_fix"": false}","[{""label"": ""Theme"", ""text"": ""the term"", ""start"": 58, ""end"": 66, ""needs_fix"": false}, {""label"": ""Recipient"", ""text"": ""another one (1) year"", ""start"": 120, ""end"": 140, ""needs_fix"": false}, {""label"": ""Time"", ""text"": ""one (1) year"", ""start"": 128, ""end"": 140, ""needs_fix"": false}, {""label"": ""Condition"", ""text"": ""In the event that either party does not give such notice"", ""start"": 0, ""end"": 56, ""needs_fix"": false}]",transformer_srl+legal_rules,7,needs_review,"In the event that either party does not give such notice, the term of this Agreement shall be automatically renewed for another one (1) year.",
c0081-p001,81,8.2 TERMINATION FOR BREACH,"{""text"": ""terminate"", ""lemma"": ""terminate"", ""start"": 112, ""end"": 121, ""needs_fix"": false}","[{""label"": ""Agent"", ""text"": ""a party"", ""start"": 88, ""end"": 95, ""needs_fix"": false}, {""label"": ""Theme"", ""text"": ""this Agreement"", ""start"": 122, ""end"": 136, ""needs_fix"": false}, {""label"": ""Time"", ""text"": ""within sixty (60) days"", ""start"": 226, ""end"": 248, ""needs_fix"": false}, {""label"": ""Condition"", ""text"": ""if the other party materially breaches this Agreement and fails to cure that breach within sixty (60) days after receiving written notice of the breach, or (b) as provided in Sections 2.2 INITIAL INFORMATION TRANSFER MECHANISM DEVELOPMENT , 2.4 RESTRICTIONS ON COMMUNICATIONS , or 12.4"", ""start"": 142, ""end"": 427, ""needs_fix"": false}]",transformer_srl+legal_rules,14,needs_review,"In addition to other remedies that may be available to it, by providing written notice, a party may immediately terminate this Agreement: (a) if the other party materially breaches this Agreement and fails to cure that breach within sixty (60) days after receiving written notice of the breach, or (b) as provided in Sections 2.2 INITIAL INFORMATION TRANSFER MECHANISM DEVELOPMENT , 2.4 RESTRICTIONS ON COMMUNICATIONS , or 12.4.",
c0082-p001,82,8.3 TERMINATION FOR CHANGE IN COMPANY STRUCTURE,"{""text"": ""majority"", ""lemma"": ""majority"", ""start"": 5, ""end"": 13, ""needs_fix"": false}","[{""label"": ""Agent"", ""text"": ""2TheMart"", ""start"": 49, ""end"": 57, ""needs_fix"": false}, {""label"": ""Condition"", ""text"": ""If a majority of the equity securities of either 2TheMart or i-Escrow"", ""start"": 0, ""end"": 69, ""needs_fix"": false}]",transformer_srl+legal_rules,4,needs_review,"If a majority of the equity securities of either 2TheMart or i-Escrow, Inc. (except that i-Escrow may sell all or a majority of its equity securities or voting interests to i-Escrow.com.",
c0083-p001,83,8.3 TERMINATION FOR CHANGE IN COMPANY STRUCTURE,"{""text"": ""sell"", ""lemma"": ""sell"", ""start"": 17, ""end"": 21, ""needs_fix"": false}","[{""label"": ""Agent"", ""text"": ""i-Escrow.com"", ""start"": 0, ""end"": 12, ""needs_fix"": false}, {""label"": ""Theme"", ""text"": ""all or a majority of its equity securities or voting interests"", ""start"": 22, ""end"": 84, ""needs_fix"": false}, {""label"": ""Recipient"", ""text"": ""i-Escrow's existing shareholders"", ""start"": 88, ""end"": 120, ""needs_fix"": false}, {""label"": ""Time"", ""text"": ""thirty (30) days"", ""start"": 298, ""end"": 314, ""needs_fix"": false}]",transformer_srl+legal_rules,5,needs_review,"i-Escrow.com may sell all or a majority of its equity securities or voting interests to i-Escrow's existing shareholders, without triggering the foregoing) are acquired by another company during the term of this Agreement either company may terminate this Agreement, without liability, by giving a thirty (30) days written notice to the other party.",
c0084-p001,84,8.4 TERMINATION FOR BANKRUPTCY,"{""text"": ""terminate"", ""lemma"": ""terminate"", ""start"": 17, ""end"": 26, ""needs_fix"": false}","[{""label"": ""Agent"", ""text"": ""Either party"", ""start"": 0, ""end"": 12, ""needs_fix"": false}]",transformer_srl+legal_rules,5,needs_review,Either party may terminate or suspend this Agreement effective immediately and without liability upon written notice to the other party if any one of the following events occurs.,
c0085-p001,85,8.4 TERMINATION FOR BANKRUPTCY,"{""text"": ""instituted"", ""lemma"": ""institute"", ""start"": 20, ""end"": 30, ""needs_fix"": false}","[{""label"": ""Theme"", ""text"": ""(b) a proceeding"", ""start"": 0, ""end"": 16, ""needs_fix"": false}, {""label"": ""Time"", ""text"": ""within ninety (90) days"", ""start"": 121, ""end"": 144, ""needs_fix"": false}]",transformer_srl+legal_rules,3,needs_review,(b) a proceeding is instituted against the other party under any provision of any bankruptcy laws which is not dismissed within ninety (90) days.,
c0086-p001,86,8.5 EFFECTS OF TERMINATION,"{""text"": ""terminate"", ""lemma"": ""terminate"", ""start"": 101, ""end"": 110, ""needs_fix"": false}","[{""label"": ""Agent"", ""text"": ""all rights"", ""start"": 69, ""end"": 79, ""needs_fix"": false}, {""label"": ""Time"", ""text"": ""within six (6) weeks"", ""start"": 164, ""end"": 184, ""needs_fix"": false}, {""label"": ""Condition"", ""text"": ""Upon expiration or termination of this Agreement for any reason: (a) all rights granted herein shall terminate"", ""start"": 0, ""end"": 110, ""needs_fix"": false}]",transformer_srl+legal_rules,12,needs_review,"Upon expiration or termination of this Agreement for any reason: (a) all rights granted herein shall terminate, (b) i-Escrow shall pay all amounts owed to 2TheMart within six (6) weeks of termination, and (c) each party shall remove the other party's content and Marks from their servers.",
c0087-p001,87,8.5 EFFECTS OF TERMINATION,"{""text"": ""survive"", ""lemma"": ""survive"", ""start"": 130, ""end"": 137, ""needs_fix"": false}","[{""label"": ""Agent"", ""text"": ""all provisions"", ""start"": 91, ""end"": 105, ""needs_fix"": false}, {""label"": ""Recipient"", ""text"": ""the extent necessary for i-Escrow to complete any Customer transactions which are pending at the time of expiration or termination"", ""start"": 141, ""end"": 271, ""needs_fix"": false}, {""label"": ""Condition"", ""text"": ""unless this Agreement was terminated for a material breach"", ""start"": 31, ""end"": 89, ""needs_fix"": false}]",transformer_srl+legal_rules,4,needs_review,"Notwithstanding the foregoing, unless this Agreement was terminated for a material breach, all provisions of this Agreement shall survive to the extent necessary for i-Escrow to complete any Customer transactions which are pending at the time of expiration or termination.",
c0088-p001,88,8.5 EFFECTS OF TERMINATION,"{""text"": ""survive"", ""lemma"": ""survive"", ""start"": 67, ""end"": 74, ""needs_fix"": false}","[{""label"": ""Agent"", ""text"": ""Sections"", ""start"": 0, ""end"": 8, ""needs_fix"": false}, {""label"": ""Theme"", ""text"": ""expiration or termination of this Agreement"", ""start"": 75, ""end"": 118, ""needs_fix"": false}]",transformer_srl+legal_rules,2,needs_review,"Sections 1, 7, 8.5 EFFECTS OF TERMINATION , 9, 10, 11 and 12 shall survive expiration or termination of this Agreement.",
c0089-p001,89,9 INDEMNITY,"{""text"": ""indemnify"", ""lemma"": ""indemnify"", ""start"": 44, ""end"": 53, ""needs_fix"": false}","[{""label"": ""Agent"", ""text"": ""Each party"", ""start"": 0, ""end"": 10, ""needs_fix"": false}, {""label"": ""Theme"", ""text"": ""the other party (the \""Indemnified Party\"")"", ""start"": 54, ""end"": 95, ""needs_fix"": false}]",transformer_srl+legal_rules,7,needs_review,"Each party (the ""Indemnifying Party"") shall indemnify the other party (the ""Indemnified Party"") against any and all claims, losses, costs and expenses, including reasonable attorneys' fees, which the Indemnified Party may incur as a result of claims in any form by third parties arising from the Indemnifying Party's acts, omissions or misrepresentations to the extent that the Indemnified Party is deemed a principal of the Indemnifying Party.",
c0090-p001,90,9 INDEMNITY,"{""text"": ""indemnify"", ""lemma"": ""indemnify"", ""start"": 28, ""end"": 37, ""needs_fix"": false}","[{""label"": ""Agent"", ""text"": ""2TheMart"", ""start"": 13, ""end"": 21, ""needs_fix"": false}, {""label"": ""Theme"", ""text"": ""i-Escrow"", ""start"": 38, ""end"": 46, ""needs_fix"": false}]",transformer_srl+legal_rules,7,needs_review,"In addition, 2TheMart shall indemnify i-Escrow against any and all claims, losses, costs and expenses, including reasonable attorneys' fees, which i-Escrow may incur as a result of claims in any form by third parties arising from 2TheMart Content.",
c0091-p001,91,9 INDEMNITY,"{""text"": ""indemnify"", ""lemma"": ""indemnify"", ""start"": 28, ""end"": 37, ""needs_fix"": false}","[{""label"": ""Agent"", ""text"": ""i-Escrow"", ""start"": 13, ""end"": 21, ""needs_fix"": false}, {""label"": ""Theme"", ""text"": ""2TheMart"", ""start"": 38, ""end"": 46, ""needs_fix"": false}]",transformer_srl+legal_rules,7,needs_review,"In addition, i-Escrow shall indemnify 2TheMart against any and all claims, losses, costs and expenses, including reasonable attorneys' fees, which 2TheMart may incur as a result of claims in any form by third parties arising from i-Escrow.",
c0092-p001,92,9 INDEMNITY,"{""text"": ""enter"", ""lemma"": ""enter"", ""start"": 33, ""end"": 38, ""needs_fix"": false}","[{""label"": ""Agent"", ""text"": ""the Indemnifying Party"", ""start"": 0, ""end"": 22, ""needs_fix"": false}]",transformer_srl+legal_rules,0,needs_review,the Indemnifying Party shall not enter into any settlement that affects the Indemnified Party's rights or interest without the Indemnified Party's prior written approval.,
c0093-p001,93,9 INDEMNITY,"{""text"": ""have"", ""lemma"": ""have"", ""start"": 28, ""end"": 32, ""needs_fix"": false}","[{""label"": ""Agent"", ""text"": ""The Indemnified Party"", ""start"": 0, ""end"": 21, ""needs_fix"": false}, {""label"": ""Theme"", ""text"": ""the right to participate in the defense at its expense"", ""start"": 33, ""end"": 87, ""needs_fix"": false}]",transformer_srl+legal_rules,2,needs_review,The Indemnified Party shall have the right to participate in the defense at its expense.,
c0094-p001,94,10 LIMITATION ON LIABILITY,"{""text"": ""BE"", ""lemma"": ""be"", ""start"": 67, ""end"": 69, ""needs_fix"": false}","[{""label"": ""Agent"", ""text"": ""NEITHER PARTY"", ""start"": 47, ""end"": 60, ""needs_fix"": false}, {""label"": ""Theme"", ""text"": ""LIABLE FOR SPECIAL"", ""start"": 70, ""end"": 88, ""needs_fix"": false}]",transformer_srl+legal_rules,2,needs_review,"EXCEPT IN THE EVENT OF A BREACH OF SECTION 11, NEITHER PARTY SHALL BE LIABLE FOR SPECIAL, INCIDENTAL OR CONSEQUENTIAL DAMAGES OR LOST PROFITS (HOWEVER ARISING, INCLUDING NEGLIGENCE) ARISING OUT OF OR IN CONNECTION WITH THIS AGREEMENT, EVEN IF THE PARTIES ARE AWARE OF THE POSSIBILITY OF SUCH DAMAGES.",
c0095-p001,95,11 CONFIDENTIAL INFORMATION,"{""text"": ""hold"", ""lemma"": ""hold"", ""start"": 17, ""end"": 21, ""needs_fix"": false}","[{""label"": ""Agent"", ""text"": ""Each party"", ""start"": 0, ""end"": 10, ""needs_fix"": false}, {""label"": ""Theme"", ""text"": ""the other party's Confidential Information"", ""start"": 22, ""end"": 64, ""needs_fix"": false}]",transformer_srl+legal_rules,2,needs_review,Each party shall hold the other party's Confidential Information in confidence and shall not disclose such Confidential Information to third parties nor use the other party's Confidential Information for any purpose other than as required to perform under this Agreement.,
c0096-p001,96,11 CONFIDENTIAL INFORMATION,"{""text"": ""apply"", ""lemma"": ""apply"", ""start"": 28, ""end"": 33, ""needs_fix"": false}","[{""label"": ""Agent"", ""text"": ""Such restrictions"", ""start"": 0, ""end"": 17, ""needs_fix"": false}, {""label"": ""Recipient"", ""text"": ""Confidential Information which (a) is already known by the recipient, (b)"", ""start"": 37, ""end"": 110, ""needs_fix"": false}]",transformer_srl+legal_rules,0,needs_review,"Such restrictions shall not apply to Confidential Information which (a) is already known by the recipient, (b) becomes, through no act or fault of the recipient, publicly known, (c) is received by recipient from a third party without a restriction on disclosure or use, or (d) is independently developed by recipient without reference to the Confidential Information.",
c0097-p001,97,11 CONFIDENTIAL INFORMATION,"{""text"": ""apply"", ""lemma"": ""apply"", ""start"": 40, ""end"": 45, ""needs_fix"": false}","[{""label"": ""Agent"", ""text"": ""The restriction"", ""start"": 0, ""end"": 15, ""needs_fix"": false}, {""label"": ""Recipient"", ""text"": ""Confidential Information which is required to be disclosed by a court or government agency"", ""start"": 49, ""end"": 139, ""needs_fix"": false}]",transformer_srl+legal_rules,0,needs_review,The restriction on disclosure shall not apply to Confidential Information which is required to be disclosed by a court or government agency.,
c0098-p001,98,11 CONFIDENTIAL INFORMATION,"{""text"": ""return"", ""lemma"": ""return"", ""start"": 122, ""end"": 128, ""needs_fix"": false}","[{""label"": ""Agent"", ""text"": ""each party"", ""start"": 106, ""end"": 116, ""needs_fix"": false}, {""label"": ""Theme"", ""text"": ""all Confidential Information and other deliverables"", ""start"": 129, ""end"": 180, ""needs_fix"": false}, {""label"": ""Recipient"", ""text"": ""the requesting party"", ""start"": 184, ""end"": 204, ""needs_fix"": false}, {""label"": ""Time"", ""text"": ""fourteen (14) days of the other party's request"", ""start"": 57, ""end"": 104, ""needs_fix"": false}, {""label"": ""Condition"", ""text"": ""Upon expiration or termination of this Agreement"", ""start"": 0, ""end"": 48, ""needs_fix"": false}]",transformer_srl+legal_rules,9,needs_review,"Upon expiration or termination of this Agreement, within fourteen (14) days of the other party's request, each party will return all Confidential Information and other deliverables to the requesting party.",
c0099-p001,99,12.1 GOVERNING LAW,"{""text"": ""governed"", ""lemma"": ""govern"", ""start"": 23, ""end"": 31, ""needs_fix"": false}","[{""label"": ""Theme"", ""text"": ""This Agreement"", ""start"": 0, ""end"": 14, ""needs_fix"": false}, {""label"": ""LegalBasis"", ""text"": ""laws of the State of California"", ""start"": 69, ""end"": 100, ""needs_fix"": false}]",transformer_srl+legal_rules,8,needs_review,This Agreement will be governed and construed in accordance with the laws of the State of California without giving effect to conflict of laws principles.,
c0100-p001,100,12.1 GOVERNING LAW,"{""text"": ""submit"", ""lemma"": ""submit"", ""start"": 13, ""end"": 19, ""needs_fix"": false}","[{""label"": ""Agent"", ""text"": ""Both parties"", ""start"": 0, ""end"": 12, ""needs_fix"": false}, {""label"": ""Recipient"", ""text"": ""personal jurisdiction in California"", ""start"": 23, ""end"": 58, ""needs_fix"": false}]",transformer_srl+legal_rules,0,needs_review,"Both parties submit to personal jurisdiction in California and further agree that any cause of action arising under this Agreement shall be brought in a court in Orange County, California.",
c0101-p001,101,12.2 SEVERABILITY; HEADINGS,"{""text"": ""continue"", ""lemma"": ""continue"", ""start"": 109, ""end"": 117, ""needs_fix"": false}","[{""label"": ""Agent"", ""text"": ""the remaining provisions"", ""start"": 79, ""end"": 103, ""needs_fix"": false}, {""label"": ""Condition"", ""text"": ""If any provision herein is held to be invalid or unenforceable for any reason"", ""start"": 0, ""end"": 77, ""needs_fix"": false}]",transformer_srl+legal_rules,4,needs_review,"If any provision herein is held to be invalid or unenforceable for any reason, the remaining provisions will continue in full force without being impaired or invalidated in any way.",
c0102-p001,102,12.2 SEVERABILITY; HEADINGS,"{""text"": ""agree"", ""lemma"": ""agree"", ""start"": 12, ""end"": 17, ""needs_fix"": false}","[{""label"": ""Agent"", ""text"": ""The parties"", ""start"": 0, ""end"": 11, ""needs_fix"": false}]",transformer_srl+legal_rules,5,needs_review,The parties agree to replace any invalid provision with a valid provision that most closely approximates the intent and economic effect of the invalid provision.,
c0103-p001,103,12.3 PUBLICITY,"{""text"": ""made"", ""lemma"": ""make"", ""start"": 17, ""end"": 21, ""needs_fix"": false}","[{""label"": ""Theme"", ""text"": ""request"", ""start"": 0, ""end"": 7, ""needs_fix"": false}, {""label"": ""Time"", ""text"": ""no less than three (3) business days"", ""start"": 22, ""end"": 58, ""needs_fix"": false}]",transformer_srl+legal_rules,8,needs_review,request shall be made no less than three (3) business days prior to the requested release date.,
c0104-p001,104,12.3 PUBLICITY,"{""text"": ""withhold"", ""lemma"": ""withhold"", ""start"": 31, ""end"": 39, ""needs_fix"": false}","[{""label"": ""Agent"", ""text"": ""A party"", ""start"": 0, ""end"": 7, ""needs_fix"": false}]",transformer_srl+legal_rules,0,needs_review,A party shall not unreasonably withhold or delay the granting of its approval of such materials.,
c0105-p001,105,12.3 PUBLICITY,"{""text"": ""provided"", ""lemma"": ""provide"", ""start"": 23, ""end"": 31, ""needs_fix"": false}","[{""label"": ""Theme"", ""text"": ""such approval"", ""start"": 0, ""end"": 13, ""needs_fix"": false}, {""label"": ""Recipient"", ""text"": ""the other party"", ""start"": 35, ""end"": 50, ""needs_fix"": false}, {""label"": ""Time"", ""text"": ""one (1) business day of receipt"", ""start"": 58, ""end"": 89, ""needs_fix"": false}]",transformer_srl+legal_rules,8,needs_review,such approval shall be provided to the other party within one (1) business day of receipt.,
c0106-p001,106,12.4 FORCE MAJEURE,"{""text"": ""excused"", ""lemma"": ""excuse"", ""start"": 301, ""end"": 308, ""needs_fix"": false}","[{""label"": ""Recipient"", ""text"": ""the extent of such prevention, restriction or interference"", ""start"": 334, ""end"": 392, ""needs_fix"": false}, {""label"": ""Condition"", ""text"": ""Except as otherwise provided"", ""start"": 0, ""end"": 28, ""needs_fix"": false}]",transformer_srl+legal_rules,4,needs_review,"Except as otherwise provided, if performance hereunder (other than payment) is prevented, restricted or interfered with by any act or condition whatsoever beyond the reasonable control of a party (a ""force majeure event""), the party so affected, upon giving prompt notice to the other party, shall be excused from such performance to the extent of such prevention, restriction or interference.",
c0107-p001,107,12.4 FORCE MAJEURE,"{""text"": ""terminate"", ""lemma"": ""terminate"", ""start"": 128, ""end"": 137, ""needs_fix"": false}","[{""label"": ""Agent"", ""text"": ""either party"", ""start"": 111, ""end"": 123, ""needs_fix"": false}, {""label"": ""Theme"", ""text"": ""this Agreement"", ""start"": 67, ""end"": 81, ""needs_fix"": false}, {""label"": ""Time"", ""text"": ""for sixty (60) days or more"", ""start"": 82, ""end"": 109, ""needs_fix"": false}, {""label"": ""Condition"", ""text"": ""if a force majeure event interferes with the operation of this Agreement for sixty (60) days or more"", ""start"": 9, ""end"": 109, ""needs_fix"": false}]",transformer_srl+legal_rules,14,needs_review,"However, if a force majeure event interferes with the operation of this Agreement for sixty (60) days or more, either party can terminate this Agreement, without penalty.",
c0108-p001,108,12.4 FORCE MAJEURE,"{""text"": ""limit"", ""lemma"": ""limit"", ""start"": 83, ""end"": 88, ""needs_fix"": false}","[{""label"": ""Agent"", ""text"": ""the occurrence"", ""start"": 31, ""end"": 45, ""needs_fix"": false}, {""label"": ""Theme"", ""text"": ""either party's obligations"", ""start"": 89, ""end"": 115, ""needs_fix"": false}, {""label"": ""Condition"", ""text"": ""Notwithstanding the foregoing"", ""start"": 0, ""end"": 29, ""needs_fix"": false}]",transformer_srl+legal_rules,6,needs_review,"Notwithstanding the foregoing, the occurrence of any force majeure event shall not limit either party's obligations under Section 9 with respect to any third party claim as to which the other party seeks indemnification.",
c0109-p001,109,12.5 INDEPENDENT CONTRACTORS,"{""text"": ""make"", ""lemma"": ""make"", ""start"": 20, ""end"": 24, ""needs_fix"": false}","[{""label"": ""Agent"", ""text"": ""Neither party"", ""start"": 0, ""end"": 13, ""needs_fix"": false}, {""label"": ""Theme"", ""text"": ""any warranties or representations on behalf of the other party"", ""start"": 25, ""end"": 87, ""needs_fix"": false}]",transformer_srl+legal_rules,7,needs_review,Neither party shall make any warranties or representations on behalf of the other party.,
c0110-p001,110,12.6 NOTICE,"{""text"": ""given"", ""lemma"": ""give"", ""start"": 31, ""end"": 36, ""needs_fix"": false}","[{""label"": ""Theme"", ""text"": ""hereunder"", ""start"": 12, ""end"": 21, ""needs_fix"": false}]",transformer_srl+legal_rules,0,needs_review,Any notices hereunder shall be given to the appropriate party at the address specified below or at such other address as the party shall specify in writing.,
c0111-p001,111,12.6 NOTICE,"{""text"": ""deemed"", ""lemma"": ""deem"", ""start"": 16, ""end"": 22, ""needs_fix"": false}","[{""label"": ""Theme"", ""text"": ""Notice"", ""start"": 0, ""end"": 6, ""needs_fix"": false}]",transformer_srl+legal_rules,0,needs_review,Notice shall be deemed given: upon personal delivery.,
c0112-p001,112,11.7 COUNTERPARTS,"{""text"": ""executed"", ""lemma"": ""execute"", ""start"": 22, ""end"": 30, ""needs_fix"": false}","[{""label"": ""Theme"", ""text"": ""This Agreement"", ""start"": 0, ""end"": 14, ""needs_fix"": false}]",transformer_srl+legal_rules,0,needs_review,"This Agreement may be executed in one or more counterparts, each of which shall be deemed an original and all of which shall be taken together and deemed to be one instrument.",
c0113-p001,113,12.8 GOOD FAITH,"{""text"": ""agree"", ""lemma"": ""agree"", ""start"": 12, ""end"": 17, ""needs_fix"": false}","[{""label"": ""Agent"", ""text"": ""The parties"", ""start"": 0, ""end"": 11, ""needs_fix"": false}]",transformer_srl+legal_rules,5,needs_review,The parties agree to act in good faith with respect to each provision of this Agreement and any dispute that may arise related hereto.,
c0114-p001,114,12.9 ADDITIONAL DOCUMENTS/INFORMATION,"{""text"": ""agree"", ""lemma"": ""agree"", ""start"": 12, ""end"": 17, ""needs_fix"": false}","[{""label"": ""Agent"", ""text"": ""The parties"", ""start"": 0, ""end"": 11, ""needs_fix"": false}]",transformer_srl+legal_rules,5,needs_review,The parties agree to sign and/or provide such additional documents and/or information as may reasonably be required to carry out the intent of this Agreement and to effectuate its purposes.,
c0115-p001,115,12.10 RIGHTS AND REMEDIES CUMULATIVE,"{""text"": ""be"", ""lemma"": ""be"", ""start"": 45, ""end"": 47, ""needs_fix"": false}","[{""label"": ""Agent"", ""text"": ""The rights"", ""start"": 0, ""end"": 10, ""needs_fix"": false}]",transformer_srl+legal_rules,0,needs_review,The rights and remedies provided herein will be cumulative and not exclusive of any other rights or remedies provided by law or otherwise.,
c0116-p001,116,12.11 NONWAIVER,"{""text"": ""deemed"", ""lemma"": ""deem"", ""start"": 139, ""end"": 145, ""needs_fix"": false}","[{""label"": ""Theme"", ""text"": ""No failure"", ""start"": 0, ""end"": 10, ""needs_fix"": false}, {""label"": ""Recipient"", ""text"": ""any extent of that or any other right or obligation"", ""start"": 176, ""end"": 227, ""needs_fix"": false}]",transformer_srl+legal_rules,0,needs_review,"No failure or forbearance by either party to exercise any right or insist upon or enforce performance of any obligation hereunder shall be deemed a waiver or relinquishment to any extent of that or any other right or obligation, in that or any other instance.",
c0117-p001,117,12.11 NONWAIVER,"{""text"": ""be"", ""lemma"": ""be"", ""start"": 11, ""end"": 13, ""needs_fix"": false}","[{""label"": ""Agent"", ""text"": ""same"", ""start"": 0, ""end"": 4, ""needs_fix"": false}]",transformer_srl+legal_rules,0,needs_review,same shall be and shall remain in full force and effect.,
c0118-p001,118,12.11 NONWAIVER,"{""text"": ""made"", ""lemma"": ""make"", ""start"": 90, ""end"": 94, ""needs_fix"": false}","[{""label"": ""Theme"", ""text"": ""Any waiver"", ""start"": 0, ""end"": 10, ""needs_fix"": false}]",transformer_srl+legal_rules,5,needs_review,Any waiver of any right of a party or any obligation of the other party hereunder must be made in a writing signed by the arty waiving such right or obligation.,
c0119-p001,119,12.12 ENTIRE AGREEMENT,"{""text"": ""supersedes"", ""lemma"": ""supersede"", ""start"": 137, ""end"": 147, ""needs_fix"": false}","[{""label"": ""Agent"", ""text"": ""i-Escrow"", ""start"": 180, ""end"": 188, ""needs_fix"": false}, {""label"": ""Theme"", ""text"": ""all previous Agreements between i-Escrow and 2TheMart"", ""start"": 148, ""end"": 201, ""needs_fix"": false}, {""label"": ""Time"", ""text"": ""January 4 1999"", ""start"": 277, ""end"": 291, ""needs_fix"": false}]",transformer_srl+legal_rules,5,needs_review,"This Agreement contains the entire understanding of the parties hereto with respect to the transactions and matters contemplated hereby, supersedes all previous Agreements between i-Escrow and 2TheMart concerning the subject matter (except for the Confidential Agreement Dated January 4 1999, which shall survive this Agreement).",
c0120-p001,120,12.12 ENTIRE AGREEMENT,"{""text"": ""be"", ""lemma"": ""be"", ""start"": 52, ""end"": 54, ""needs_fix"": false}","[{""label"": ""Agent"", ""text"": ""No amendments"", ""start"": 0, ""end"": 13, ""needs_fix"": false}]",transformer_srl+legal_rules,0,needs_review,No amendments or supplements to this Agreement will be effective for any purpose except by a written Agreement signed by the parties.,
c0121-p001,121,12.12 ENTIRE AGREEMENT,"{""text"": ""pays"", ""lemma"": ""pay"", ""start"": 67, ""end"": 71, ""needs_fix"": false}","[{""label"": ""Agent"", ""text"": ""the buyer"", ""start"": 57, ""end"": 66, ""needs_fix"": false}, {""label"": ""Theme"", ""text"": ""i-Escrow"", ""start"": 72, ""end"": 80, ""needs_fix"": false}]",transformer_srl+legal_rules,7,needs_review,"Once the transaction is acknowledged by the other party, the buyer pays i-Escrow the agreed upon price, by credit card or other means.",
